{
  "average_frame_build_time_millis": 11.860159999999999,
  "90th_percentile_frame_build_time_millis": 56.446,
  "99th_percentile_frame_build_time_millis": 109.237,
  "worst_frame_build_time_millis": 109.237,
  "missed_frame_build_budget_count": 3,
  "average_frame_rasterizer_time_millis": 3.5958399999999995,
  "90th_percentile_frame_rasterizer_time_millis": 6.29,
  "99th_percentile_frame_rasterizer_time_millis": 10.257,
  "worst_frame_rasterizer_time_millis": 10.257,
  "missed_frame_rasterizer_budget_count": 0,
  "frame_count": 25,
  "frame_build_times": [
    109237,
    77012,
    4676,
    2191,
    1780,
    2280,
    2161,
    1854,
    2413,
    3156,
    2147,
    2601,
    2488,
    3939,
    1388,
    2696,
    1824,
    2081,
    2006,
    2683,
    3544,
    2041,
    2497,
    56446,
    1363
  ],
  "frame_rasterizer_times": [
    6141,
    6290,
    3208,
    10257,
    3645,
    2234,
    3266,
    2312,
    3138,
    2885,
    2608,
    1919,
    2555,
    2280,
    2201,
    2646,
    2202,
    3039,
    3831,
    3770,
    2665,
    3640,
    3849,
    6742,
    2573
  ]
}