{
  "average_frame_build_time_millis": 12.65916,
  "90th_percentile_frame_build_time_millis": 71.209,
  "99th_percentile_frame_build_time_millis": 106.967,
  "worst_frame_build_time_millis": 106.967,
  "missed_frame_build_budget_count": 3,
  "average_frame_rasterizer_time_millis": 16.847874999999995,
  "90th_percentile_frame_rasterizer_time_millis": 22.65,
  "99th_percentile_frame_rasterizer_time_millis": 30.515,
  "worst_frame_rasterizer_time_millis": 30.515,
  "missed_frame_rasterizer_budget_count": 15,
  "frame_count": 25,
  "frame_build_times": [
    106967,
    71209,
    4335,
    2532,
    2498,
    3474,
    3051,
    2448,
    1984,
    3526,
    1294,
    2528,
    2713,
    2210,
    3180,
    3130,
    2665,
    3271,
    3100,
    1890,
    4714,
    4349,
    1717,
    74522,
    3172
  ],
  "frame_rasterizer_times": [
    6057,
    9359,
    5385,
    30515,
    26207,
    18424,
    17725,
    17921,
    22650,
    12606,
    16331,
    16883,
    19029,
    20855,
    14033,
    21189,
    14283,
    21294,
    14662,
    20470,
    20103,
    11953,
    19676,
    6739
  ]
}